comentario,sentimiento
Este producto me encantó,positivo
No cumplió lo que prometía,negativo
Me parece algo normal,neutro
Repetiría la compra sin dudarlo,positivo
El servicio fue pésimo,negativo
No estuvo ni bien ni mal,neutro
Vale totalmente la pena,positivo
La calidad dejó mucho que desear,negativo
Es bastante neutral,neutro
Lo encontré excelente,positivo
La atención fue muy mala,negativo
Podría mejorar,neutro
Superó mis expectativas,positivo
Fue un desperdicio de dinero,negativo
Es un producto estándar,neutro
Estoy muy satisfecho,positivo
Nunca volveré a comprarlo,negativo
No tengo opinión concreta,neutro
Realmente lo recomiendo,positivo
Me defraudó por completo,negativo
Es adecuado para su precio,neutro
Fascinante y muy útil,positivo
Nada bueno puedo decir,negativo
No estuvo mal,neutro
Una experiencia destacable,positivo
Este producto me encantó,positivo
No cumplió lo que prometía,negativo
Me parece algo normal,neutro
Repetiría la compra sin dudarlo,positivo
El servicio fue pésimo,negativo
No estuvo ni bien ni mal,neutro
Vale totalmente la pena,positivo
La calidad dejó mucho que desear,negativo
Es bastante neutral,neutro
Lo encontré excelente,positivo
La atención fue muy mala,negativo
Podría mejorar,neutro
Superó mis expectativas,positivo
Fue un desperdicio de dinero,negativo
Es un producto estándar,neutro
Estoy muy satisfecho,positivo
Nunca volveré a comprarlo,negativo
No tengo opinión concreta,neutro
Realmente lo recomiendo,positivo
Me defraudó por completo,negativo
Es adecuado para su precio,neutro
Fascinante y muy útil,positivo
Nada bueno puedo decir,negativo
No estuvo mal,neutro
Una experiencia destacable,positivo
Este producto me encantó,positivo
No cumplió lo que prometía,negativo
Me parece algo normal,neutro
Repetiría la compra sin dudarlo,positivo
El servicio fue pésimo,negativo
No estuvo ni bien ni mal,neutro
Vale totalmente la pena,positivo
La calidad dejó mucho que desear,negativo
Es bastante neutral,neutro
Lo encontré excelente,positivo
La atención fue muy mala,negativo
Podría mejorar,neutro
Superó mis expectativas,positivo
Fue un desperdicio de dinero,negativo
Es un producto estándar,neutro
Estoy muy satisfecho,positivo
Nunca volveré a comprarlo,negativo
No tengo opinión concreta,neutro
Realmente lo recomiendo,positivo
Me defraudó por completo,negativo
Es adecuado para su precio,neutro
Fascinante y muy útil,positivo
Nada bueno puedo decir,negativo
No estuvo mal,neutro
Una experiencia destacable,positivo
Este producto me encantó,positivo
No cumplió lo que prometía,negativo
Me parece algo normal,neutro
Repetiría la compra sin dudarlo,positivo
El servicio fue pésimo,negativo
No estuvo ni bien ni mal,neutro
Vale totalmente la pena,positivo
La calidad dejó mucho que desear,negativo
Es bastante neutral,neutro
Lo encontré excelente,positivo
La atención fue muy mala,negativo
Podría mejorar,neutro
Superó mis expectativas,positivo
Fue un desperdicio de dinero,negativo
Es un producto estándar,neutro
Estoy muy satisfecho,positivo
Nunca volveré a comprarlo,negativo
No tengo opinión concreta,neutro
Realmente lo recomiendo,positivo
Me defraudó por completo,negativo
Es adecuado para su precio,neutro
Fascinante y muy útil,positivo
Nada bueno puedo decir,negativo
No estuvo mal,neutro
Una experiencia destacable,positivo
Este producto me encantó,positivo
No cumplió lo que prometía,negativo
Me parece algo normal,neutro
Repetiría la compra sin dudarlo,positivo
El servicio fue pésimo,negativo
No estuvo ni bien ni mal,neutro
Vale totalmente la pena,positivo
La calidad dejó mucho que desear,negativo
Es bastante neutral,neutro
Lo encontré excelente,positivo
La atención fue muy mala,negativo
Podría mejorar,neutro
Superó mis expectativas,positivo
Fue un desperdicio de dinero,negativo
Es un producto estándar,neutro
Estoy muy satisfecho,positivo
Nunca volveré a comprarlo,negativo
No tengo opinión concreta,neutro
Realmente lo recomiendo,positivo
Me defraudó por completo,negativo
Es adecuado para su precio,neutro
Fascinante y muy útil,positivo
Nada bueno puedo decir,negativo
No estuvo mal,neutro
Una experiencia destacable,positivo
Este producto me encantó,positivo
No cumplió lo que prometía,negativo
Me parece algo normal,neutro
Repetiría la compra sin dudarlo,positivo
El servicio fue pésimo,negativo
No estuvo ni bien ni mal,neutro
Vale totalmente la pena,positivo
La calidad dejó mucho que desear,negativo
Es bastante neutral,neutro
Lo encontré excelente,positivo
La atención fue muy mala,negativo
Podría mejorar,neutro
Superó mis expectativas,positivo
Fue un desperdicio de dinero,negativo
Es un producto estándar,neutro
Estoy muy satisfecho,positivo
Nunca volveré a comprarlo,negativo
No tengo opinión concreta,neutro
Realmente lo recomiendo,positivo
Me defraudó por completo,negativo
Es adecuado para su precio,neutro
Fascinante y muy útil,positivo
Nada bueno puedo decir,negativo
No estuvo mal,neutro
Una experiencia destacable,positivo
Este producto me encantó,positivo
No cumplió lo que prometía,negativo
Me parece algo normal,neutro
Repetiría la compra sin dudarlo,positivo
El servicio fue pésimo,negativo
No estuvo ni bien ni mal,neutro
Vale totalmente la pena,positivo
La calidad dejó mucho que desear,negativo
Es bastante neutral,neutro
Lo encontré excelente,positivo
La atención fue muy mala,negativo
Podría mejorar,neutro
Superó mis expectativas,positivo
Fue un desperdicio de dinero,negativo
Es un producto estándar,neutro
Estoy muy satisfecho,positivo
Nunca volveré a comprarlo,negativo
No tengo opinión concreta,neutro
Realmente lo recomiendo,positivo
Me defraudó por completo,negativo
Es adecuado para su precio,neutro
Fascinante y muy útil,positivo
Nada bueno puedo decir,negativo
No estuvo mal,neutro
Una experiencia destacable,positivo
Este producto me encantó,positivo
No cumplió lo que prometía,negativo
Me parece algo normal,neutro
Repetiría la compra sin dudarlo,positivo
El servicio fue pésimo,negativo
No estuvo ni bien ni mal,neutro
Vale totalmente la pena,positivo
La calidad dejó mucho que desear,negativo
Es bastante neutral,neutro
Lo encontré excelente,positivo
La atención fue muy mala,negativo
Podría mejorar,neutro
Superó mis expectativas,positivo
Fue un desperdicio de dinero,negativo
Es un producto estándar,neutro
Estoy muy satisfecho,positivo
Nunca volveré a comprarlo,negativo
No tengo opinión concreta,neutro
Realmente lo recomiendo,positivo
Me defraudó por completo,negativo
Es adecuado para su precio,neutro
Fascinante y muy útil,positivo
Nada bueno puedo decir,negativo
No estuvo mal,neutro
Una experiencia destacable,positivo
Este producto me encantó,positivo
No cumplió lo que prometía,negativo
Me parece algo normal,neutro
Repetiría la compra sin dudarlo,positivo
El servicio fue pésimo,negativo
No estuvo ni bien ni mal,neutro
Vale totalmente la pena,positivo
La calidad dejó mucho que desear,negativo
Es bastante neutral,neutro
Lo encontré excelente,positivo
La atención fue muy mala,negativo
Podría mejorar,neutro
Superó mis expectativas,positivo
Fue un desperdicio de dinero,negativo
Es un producto estándar,neutro
Estoy muy satisfecho,positivo
Nunca volveré a comprarlo,negativo
No tengo opinión concreta,neutro
Realmente lo recomiendo,positivo
Me defraudó por completo,negativo
Es adecuado para su precio,neutro
Fascinante y muy útil,positivo
Nada bueno puedo decir,negativo
No estuvo mal,neutro
Una experiencia destacable,positivo
Este producto me encantó,positivo
No cumplió lo que prometía,negativo
Me parece algo normal,neutro
Repetiría la compra sin dudarlo,positivo
El servicio fue pésimo,negativo
No estuvo ni bien ni mal,neutro
Vale totalmente la pena,positivo
La calidad dejó mucho que desear,negativo
Es bastante neutral,neutro
Lo encontré excelente,positivo
La atención fue muy mala,negativo
Podría mejorar,neutro
Superó mis expectativas,positivo
Fue un desperdicio de dinero,negativo
Es un producto estándar,neutro
Estoy muy satisfecho,positivo
Nunca volveré a comprarlo,negativo
No tengo opinión concreta,neutro
Realmente lo recomiendo,positivo
Me defraudó por completo,negativo
Es adecuado para su precio,neutro
Fascinante y muy útil,positivo
Nada bueno puedo decir,negativo
No estuvo mal,neutro
Una experiencia destacable,positivo
La garantía cubrió todos los daños,positivo
No me gustó que la app se bloquee,negativo
El material es resistente y duradero,neutro
Recibí el pedido antes de lo esperado,positivo
El servicio al cliente nunca responde,negativo
El color se parece bastante al de la foto,neutro
Me encantó el empaque,positivo
La conexión falla con frecuencia,negativo
La web está bien organizada,neutro
Lo recomendaré a mis amigos,positivo
El vendedor no quiso aceptar mi devolución,negativo
La calidad cumple lo ofrecido,neutro
El sonido de los auriculares es muy claro,positivo
El manual vino incompleto,negativo
Me parece un producto común,neutro
El producto superó mis expectativas,positivo
No incluye las baterías necesarias,negativo
El diseño es sencillo pero funcional,neutro
Ahorré mucho con esta promoción,positivo
La atención fue indiferente,negativo
El tamaño es justo el que necesitaba,positivo
La caja estaba dañada al recibirla,negativo
Cumple la función pero nada destacable,neutro
El envío resultó muy rápido,positivo
Parece usado aunque se anunció como nuevo,negativo
Se ajusta a la descripción sin sobresalir,neutro
La facilidad de pago me gustó bastante,positivo
El producto llegó totalmente roto,negativo
La app es intuitiva al instalarla,neutro
Lo compraría otra vez sin dudarlo,positivo
El soporte técnico nunca contestó mis mensajes,negativo
No he notado ninguna mejora significativa,neutro
Me encanta la textura de este artículo,positivo
Se ensucia con mucha facilidad,negativo
No difiere mucho de la versión anterior,neutro
El costo-beneficio es excelente,positivo
El producto no vino en el color que pedí,negativo
Los materiales parecen de calidad media,neutro
Funciona mejor de lo esperado,positivo
Al segundo uso empezó a fallar,negativo
Se siente robusto y confiable,neutro
El empaque incluía un bonito mensaje de agradecimiento,positivo
Tardaron días en responder mi duda,negativo
El producto cumple su propósito,neutro
Es la mejor compra que he hecho,positivo
No volvería a adquirir algo de esta marca,negativo
No veo ninguna diferencia con otros productos similares,neutro
Me sorprendió la rapidez de la entrega,positivo
El vendedor fue muy grosero por chat,negativo
Es un artículo normal sin mayores detalles,neutro
Estoy muy feliz con el resultado,positivo
El software tenía muchos errores,negativo
La actualización no aportó nada nuevo,neutro
Todo funcionó a la perfección,positivo
El empaque vino con manchas de humedad,negativo
No sobresale en nada en particular,neutro
La interfaz es muy amigable,positivo
Se congeló la pantalla varias veces,negativo
El acabado es aceptable,neutro
El sabor es realmente delicioso,positivo
Recibí un producto distinto al descrito,negativo
La velocidad de procesamiento es adecuada,neutro
El diseño me fascinó por completo,positivo
Las piezas faltantes arruinaron el producto,negativo
No observé mejoras con la nueva versión,neutro
Es justo lo que necesitaba,positivo
Me enviaron el recibo con datos incorrectos,negativo
El manual de usuario explica lo necesario,neutro
La calidad excede mis expectativas,positivo
El cobro se realizó dos veces,negativo
De momento todo funciona de forma estable,neutro
El precio fue una ganga,positivo
No me gustó la textura se siente barata,negativo
El embalaje incluía protectores,neutro
El sonido ambiente está muy bien logrado,positivo
No pude instalarlo en mi dispositivo,negativo
El tamaño coincide con la descripción,neutro
Me alegra haber elegido esta opción,positivo
El producto se desarmó al primer intento de uso,negativo
Me parece que la calidad es estándar,neutro
La atención al cliente fue muy cordial,positivo
Vino sin accesorios esenciales,negativo
La experiencia de compra fue satisfactoria,neutro
El empaque estaba bien protegido,positivo
El software nunca se actualiza,negativo
No aporta grandes cambios respecto a la versión anterior,neutro
Me encantó la presentación del producto,positivo
La conexión Bluetooth falla seguido,negativo
La relación calidad-precio es aceptable,neutro
El color real se ve aún mejor que en las fotos,positivo
Llegó con indicios de uso previo,negativo
Hasta ahora funciona como se describe,neutro
Me encantó el sabor es delicioso,positivo
Encontré varios defectos de fábrica,negativo
No destaca en ninguna característica,neutro
Me sorprendió la velocidad de respuesta del aparato,positivo
El producto estaba rayado en la parte trasera,negativo
La conexión a internet es estable en la mayoría de ocasiones,neutro
El tamaño compacto lo hace muy versátil,positivo
No recomendaría este servicio a nadie,negativo

La bolsa llegó con un color distinto,negativo
El aroma del champú es muy agradable,positivo
La suscripción mensual no deja claros los beneficios,negativo
El empaque tenía información útil,neutro
El producto llegó en perfectas condiciones,positivo
El vendedor tardó demasiado en despachar el pedido,negativo
La función de GPS cumple lo necesario,neutro
La calidad de construcción supera mi expectativa,positivo
El control remoto dejó de funcionar al segundo día,negativo
El diseño es llamativo pero poco práctico,neutro
Quedé satisfecho con la atención al cliente,positivo
No incluyeron el adaptador de corriente,negativo
El software se instala sin complicaciones,neutro
El sabor de la bebida es exquisito,positivo
El empaque venía roto por un costado,negativo
La descripción coincide con lo que recibí,neutro
Me encantó la suavidad de la tela,positivo
La entrega se demoró más de lo anunciado,negativo
El tamaño es adecuado para espacios reducidos,neutro
Los resultados fueron mejores de lo esperado,positivo
El servicio de soporte fue muy lento para responder,negativo
Las instrucciones fueron claras pero básicas,neutro
El precio es inmejorable para la calidad que ofrece,positivo
Me enviaron un producto defectuoso,negativo
La página web tiene un diseño sencillo,neutro
El acabado del mueble es excelente,positivo
Nunca actualizaron el estado del envío,negativo
La calidad del empaque es aceptable,neutro
Quedé fascinado con la rapidez de la computadora,positivo
La tapa no cierra correctamente,negativo
La atención en la tienda fue adecuada,neutro
Obtuve un gran descuento en la compra,positivo
No me llegó el correo de confirmación,negativo
La estabilidad de la app es razonable,neutro
El embalaje resistente protegió bien el producto,positivo
El manual de instrucciones está incompleto,negativo
El producto luce tal como se muestra en las fotos,neutro
Estoy sorprendido con la potencia del altavoz,positivo
La aplicación se congela de vez en cuando,negativo
El tamaño listado es exacto,neutro
El servicio superó mis expectativas,positivo
La caja vino llena de polvo,negativo
El rendimiento es el esperado,neutro
Los colores de la pantalla son vibrantes,positivo
Tardaron mucho en procesar mi reembolso,negativo
No noté mejoras con la nueva versión,neutro
El producto es justo lo que buscaba,positivo
El envío vino con varios rasguños,negativo
La configuración inicial es sencilla,neutro
La calidad del sonido es magnífica,positivo
El teclado dejó de responder tras una semana,negativo
Los accesorios son los descritos,neutro
La comida tenía un sabor espectacular,positivo
No me llegó el pedido completo,negativo
Los plazos de entrega se ajustaron bien,neutro
La atención personalizada fue de primera,positivo
La aplicación no funciona en mi modelo de teléfono,negativo
El empaque utiliza materiales reciclados,neutro
Es mi segunda compra y estoy muy contento,positivo
El producto vino manchado y con malos olores,negativo
El tutorial es sencillo de seguir,neutro
Me encantó el diseño minimalista,positivo
No hubo comunicación acerca del retraso,negativo
El artículo tiene una calidad promedio,neutro
La suscripción anual incluye grandes beneficios,positivo
Me cobraron de más en el envío,negativo
Las piezas encajan correctamente,neutro
La calidad de la cámara es impresionante,positivo
El producto vino con la pantalla rota,negativo
La estabilidad del sistema es aceptable,neutro
La velocidad de entrega me sorprendió,positivo
No ofrece lo que promete en la publicidad,negativo
La navegación en la app es fluida,neutro
La limpieza resultó mucho más fácil con este producto,positivo
Faltó uno de los accesorios principales,negativo
Los detalles del producto se aprecian bien,neutro
La atención telefónica fue excelente,positivo
El equipo dejó de encender sin motivo aparente,negativo
El empaque venía con burbujas protectoras,neutro
El sonido es envolvente y de alta calidad,positivo
Nunca recibí respuesta tras mi queja,negativo
La presentación del informe está bien,neutro
El dispositivo funciona de manera impecable,positivo
La tapa se rompió al primer uso,negativo
La velocidad de procesamiento es decente,neutro
La fragancia dura bastante tiempo,positivo
El cable llegó cortado,negativo
La interfaz es un tanto anticuada,neutro
La calidad-precio es insuperable,positivo
El producto llegó con evidencia de uso previo,negativo
Hasta el momento no he tenido inconvenientes,neutro
El color es mucho más vibrante en persona,positivo
El empaque estaba completamente abierto,negativo
La batería dura lo que indica el fabricante,neutro
La atención del repartidor fue muy cordial,positivo
El soporte técnico nunca resolvió el problema,negativo
Me pareció un proceso de compra razonable,neutro
Los resultados fueron inmediatos y sorprendentes,positivo
El software tenía un error que bloqueaba mi sesión,negativo
La caja incluía las herramientas necesarias,neutro
Logré instalar la app en cuestión de segundos,positivo
El empaque estaba rasgado en una esquina,negativo
El producto es pasable para el precio,neutro
Las notificaciones funcionan de forma correcta,positivo
No es compatible con mi dispositivo,negativo
La pantalla responde muy rápido,positivo
El producto llegó con manchas,negativo
La interfaz gráfica es sencilla,neutro
Quedé encantado con la calidad,positivo
La caja estaba completamente rota,negativo
Las funciones básicas son aceptables,neutro
La batería supera mis expectativas,positivo
No encontré ninguna ayuda en el manual,negativo
La tienda ofrece varias formas de pago,neutro
Me enamoré del color y la textura,positivo
El producto no coincide con la descripción,negativo
El empaque protege correctamente,neutro
El envío fue más rápido de lo prometido,positivo
Vino sin las piezas centrales,negativo
El precio es razonable para lo que ofrece,neutro
El servicio de atención al cliente fue increíble,positivo
No recibí el soporte que necesitaba,negativo
La funcionalidad es la estándar del mercado,neutro
La aplicación me facilitó el trabajo,positivo
La bocina dejó de funcionar de repente,negativo
La información en la página es clara y suficiente,neutro
Obtuve resultados excelentes con este método,positivo
Me pareció costoso para la calidad obtenida,negativo
Los tiempos de espera fueron aceptables,neutro
El color del producto me encanta,positivo
El embalaje llegó en pésimas condiciones,negativo
La actualización no trae muchas novedades,neutro
La rapidez de respuesta es destacable,positivo
El vendedor me ignoró por completo,negativo
El producto cumple con su función básica,neutro
El servicio técnico resolvió mi problema eficazmente,positivo
Los datos enviados no eran correctos,negativo
La calidad de la imagen es estándar,neutro
Todo el proceso de compra fue sencillo,positivo
La respuesta del equipo fue muy lenta,negativo
La entrega se ajustó a lo indicado,neutro
Superó mis expectativas en todos los aspectos,positivo
La funda llegó con rasgaduras visibles,negativo
El rendimiento es promedio en el uso diario,neutro
Las instrucciones estaban bien detalladas,positivo
El producto se deformó después de un uso,negativo
La interfaz es intuitiva y ordenada,neutro
El sabor de la comida es fenomenal,positivo
No lo pude encender ni una sola vez,negativo
La calidad se siente sólida a simple vista,neutro
El soporte me ayudó a configurar rápidamente,positivo
Me estafaron con un producto de mala calidad,negativo
El sistema se comporta de manera estable,neutro
Pude instalarlo sin ningún inconveniente,positivo
El artículo llegó incompleto,negativo
No noté ninguna diferencia con mi versión anterior,neutro
El empaque incluía un lindo mensaje,positivo
El costo de envío es demasiado alto,negativo
La cobertura del dispositivo es estándar,neutro
Los resultados fueron increíbles tras usarlo,positivo
La costura es muy deficiente,negativo
El tiempo de entrega fue el esperado,neutro
La calidad de la tela es excepcional,positivo
La app se cuelga cada vez que la abro,negativo
El producto no tiene funciones extra,neutro
Todo lo recibido está en perfectas condiciones,positivo
La factura llegó con datos erróneos,negativo
La presentación del artículo es básica,neutro
Lo recomendaría a todos sin dudar,positivo
El color no se acerca en nada al anunciado,negativo
La garantía ofrece cobertura limitada,neutro
La fluidez del sistema es sorprendente,positivo
El empaque venía mojado y arrugado,negativo
Es un servicio correcto pero nada especial,neutro
La rapidez de entrega es un gran plus,positivo
El sonido ambiental es molesto,negativo
La suscripción no incluye todas las funciones,neutro
Me encanta la facilidad de uso,positivo
Las fotos salieron borrosas,negativo
El producto no es ni bueno ni malo,neutro
La atención personalizada es insuperable,positivo
No procesaron mi reembolso correctamente,negativo
El sistema de reservas funciona decentemente,neutro
El empaque fue un gran detalle,positivo
Se agotó la batería enseguida,negativo
La publicación no mostraba todos los detalles,neutro
Volvería a comprar sin dudarlo,positivo
La temperatura sube demasiado al poco tiempo,negativo
Los repuestos son un poco difíciles de conseguir,neutro
Excelente relación precio-calidad,positivo
El producto venía sucio y con raspones,negativo
La cantidad cumple con lo estipulado,neutro
La experiencia fue muy satisfactoria,positivo
El aparato se quemó en menos de un mes,negativo
Las instrucciones están solo en inglés,neutro
La calidad de sonido es perfecta para mis necesidades,positivo
El vendedor no incluyó la factura como prometió,negativo
El tamaño del archivo es adecuado,neutro
Me encanta el diseño elegante que presenta,positivo
La leche llegó agria y sin sellar,negativo
La velocidad de descarga está dentro de lo normal,neutro
Sin duda lo recomendaré en mi entorno,positivo
La pantalla táctil dejó de funcionar al segundo día,negativo
La experiencia de usuario es promedio,neutro
El producto viene con instrucciones muy claras,positivo
El empaque era de excelente calidad,positivo
Tardaron mucho en procesar mi solicitud,negativo
La presentación en la tienda fue bastante adecuada,neutro
El soporte técnico resolvió mi problema rápidamente,positivo
Los materiales se sienten frágiles al tacto,negativo
El servicio de mensajería cumplió con el horario estipulado,positivo
El producto no viene con manual de instrucciones completo,negativo
El personal se mostró dispuesto a ayudar,positivo
El diseño del empaque no aporta nada especial,neutro
Me sorprendió la rapidez en la entrega,positivo
La factura llegó con errores y tuve que reclamar,negativo
La calidad de imagen es suficiente para mis necesidades,neutro
La comida estaba deliciosa y bien presentada,positivo
El producto vino con piezas faltantes,negativo
La atención en el mostrador fue cordial,positivo
El tiempo de espera no fue ni largo ni corto,neutro
El software se bloquea con frecuencia,negativo
La variedad de colores disponibles es impresionante,positivo
No noté ninguna diferencia en la última actualización,neutro
Me sentí estafado al ver la calidad real,negativo
El precio es razonable en relación a la calidad,positivo
El artículo llegó en mal estado y sin protección,negativo
La tienda ofrece promociones promedio,neutro
El personal me trató con mucha cortesía,positivo
No pude conectarme al servicio durante horas,negativo
La descripción en la web coincide con el producto entregado,positivo
La decoración del lugar me pareció bastante básica,neutro
El servicio de limpieza dejó todo impecable,positivo
Se rompió al segundo día de uso,negativo
El sabor del café era estándar,neutro
El empaque reciclable me pareció un gran acierto,positivo
El sistema de reservas falló constantemente,negativo
El tamaño del producto es el indicado en la descripción,neutro
La interfaz de la aplicación es intuitiva y práctica,positivo
Las sillas eran incómodas y ruidosas,negativo
El envío tardó exactamente lo que indicaron,positivo
No encontré diferencias respecto a modelos anteriores,neutro
Me enviaron el reembolso sin problemas,positivo
El empaque venía roto y maltratado,negativo
La disponibilidad del producto fue adecuada,neutro
El color y diseño superaron mis expectativas,positivo
Las dimensiones no coincidían con lo anunciado,negativo
La iluminación del local es demasiado tenue,neutro
El servicio telefónico fue amable y eficaz,positivo
El dispositivo dejó de funcionar a los pocos días,negativo
La aplicación se instala sin dificultades,positivo
La calidad de los adornos era mediana,neutro
El sistema de suscripción me resultó muy conveniente,positivo
Me enviaron un artículo usado por error,negativo
El proceso de devolución fue muy sencillo,positivo
El producto no destaca en nada,neutro
El empaque minimalista y ecológico me encantó,positivo
El servicio postventa es prácticamente inexistente,negativo
La comida llegó a tiempo pero sin cubiertos,negativo
El cupón de descuento se aplicó correctamente,positivo
La calidad del sonido es bastante aceptable,neutro
No recomiendo este servicio a nadie,negativo
Los botones son suaves y responden bien,positivo
Los tiempos de espera han sido variables,neutro
Fue muy difícil contactarlos para una aclaración,negativo
Recibí una atención personalizada y rápida,positivo
No hubo sorpresas ni inconvenientes durante la compra,neutro
No funcionó en absoluto con mi dispositivo,negativo
El empaque tiene un diseño elegante,positivo
La presentación del menú fue neutral,neutro
La plataforma online es bastante inestable,negativo
El servicio de cafetería ofreció bebidas de gran calidad,positivo
El local estaba vacío y sin ambiente,neutro
El producto parecía de segunda mano aunque se anunció como nuevo,negativo
Me devolvieron el dinero en menos de 24 horas,positivo
No noté mejoría con este suplemento,negativo
El programa cuenta con muchas funciones útiles,positivo
El olor del empaque era extraño pero no desagradable,neutro
No recibí el correo de confirmación tras la compra,negativo
La consola de videojuegos supera mis expectativas,positivo
El empaque no trae ningún instructivo,negativo
El sitio web funciona con normalidad,neutro
El producto es fácil de ensamblar,positivo
Cobraron gastos de envío excesivamente altos,negativo
Las ventajas del servicio son mínimas,neutro
La textura del producto es agradable al tacto,positivo
No ofrecen garantía después de la compra,negativo
El tamaño de la habitación fue correcto para el precio,neutro
El personal de soporte fue muy paciente,positivo
El empaque estaba sucio y mal cuidado,negativo
No hubo grandes cambios tras la reforma,neutro
Me gustó el detalle del envoltorio personalizado,positivo
La atención al cliente fue ineficiente y poco cordial,negativo
El sabor de la bebida fue neutro,neutro
La velocidad de descarga es impresionante,positivo
Tardaron en encontrar mi reserva y perdí tiempo,negativo
El resultado final cumple con lo esperado,positivo
La información del servicio es algo confusa,neutro
No respetaron el horario pactado para la entrega,negativo
El funcionamiento es fluido en todo momento,positivo
El paquete no traía ningún accesorio adicional,negativo
La experiencia de compra en la web fue satisfactoria,positivo
La caja tenía golpes pero el interior estaba bien,neutro
El servicio de facturación nunca funcionó correctamente,negativo
El programa resultó más útil de lo que pensaba,positivo
El servicio de entrega fue extremadamente puntual,positivo
La calidad del empaque no cumplió mis expectativas,negativo
La relación calidad-precio es bastante justa,neutro
El personal de soporte me atendió de inmediato,positivo
La aplicación se cierra inesperadamente con frecuencia,negativo
Los colores del diseño son agradables y modernos,positivo
No encontré información clara sobre la política de devolución,negativo
El ambiente en la tienda fue razonablemente cómodo,neutro
La velocidad de conexión superó mis expectativas,positivo
El producto se sintió demasiado frágil al usarlo,negativo
La descripción online es suficiente para entender las funciones,neutro
El tiempo de respuesta del servicio técnico fue el mejor,positivo
Me llegó un artículo equivocado y fue un dolor de cabeza cambiarlo,negativo
La comida era aceptable sin nada especial,neutro
La atención personalizada marcó una gran diferencia,positivo
El chat de soporte tardó horas en contestar,negativo
El sitio web es fácil de navegar para encontrar lo que busco,positivo
El empaque parecía descuidado,negativo
Los precios están dentro de lo habitual,neutro
El producto funciona de maravilla y es muy intuitivo,positivo
No me ofrecieron ninguna solución tras mi reclamo,negativo
La sala de espera era amplia y bien iluminada,neutro
La amabilidad del personal hace que valga la pena comprar aquí,positivo
El sistema se bloquea al intentar iniciar sesión,negativo
Los resultados son consistentes con la información proporcionada,neutro
El manual de instrucciones es muy detallado y claro,positivo
Me cobraron un extra sin justificación,negativo
La presentación del producto es adecuada para su precio,neutro
El empaque a prueba de golpes resultó muy eficaz,positivo
La calidad de la tela deja mucho que desear,negativo
Las opciones de pago son bastante variadas,neutro
El envío fue más rápido de lo que esperaba,positivo
El paquete llegó dañado y nadie respondió mi reclamo,negativo
Los gráficos del juego están bien sin sobresalir,neutro
La atención telefónica fue cordial y resolvió mis dudas,positivo
La plataforma no me permite actualizar mis datos personales,negativo
El diseño del menú está bien organizado,neutro
El producto cumplió con cada una de sus especificaciones,positivo
El olor de la caja era muy desagradable,negativo
La vista previa de los artículos ayuda a decidir,neutro
La calidad del servicio al cliente es excelente,positivo
El dispositivo llegó con la pantalla rayada,negativo
El rendimiento del equipo es aceptable para su gama,neutro
La suscripción ofrece beneficios muy buenos,positivo
Tuve problemas para procesar mi pago y nadie ayudó,negativo
Los tiempos de entrega son como se anuncian,neutro
La calidad de audio de las bocinas es sobresaliente,positivo
El cable de alimentación dejó de funcionar a la semana,negativo
La información fue suficiente para guiar mi elección,neutro
El proceso de compra fue sumamente fácil,positivo
No hay forma de cancelar la suscripción directamente,negativo
La comida estaba tibia pero aún comestible,neutro
La atención en el local es de primera categoría,positivo
El producto se descompuso al tercer uso,negativo
La interfaz de usuario es regular no destaca mucho,neutro
Me encantó que incluyeran accesorios adicionales,positivo
No recibí notificaciones sobre el envío,negativo
La calidad de la copia impresa es estándar,neutro
El precio se ajusta completamente a mi presupuesto,positivo
El soporte me dio información contradictoria,negativo
El tiempo de espera fue tolerable,neutro
El acabado del producto se siente lujoso,positivo
Los envíos internacionales tardan demasiado,negativo
El horario de atención me parece adecuado,neutro
Los resultados del filtro de búsqueda son exactos,positivo
El empaque venía con manchas de polvo,negativo
Las instrucciones para la instalación eran suficientes,neutro
El tiempo de entrega fue sorprendentemente corto,positivo
Tardaron demasiado en procesar mi reembolso,negativo
La calidad de la foto impresa es razonable,neutro
El servicio de catering estuvo impecable,positivo
La batería no dura ni la mitad de lo prometido,negativo
La aplicación tiene un diseño minimalista agradable,neutro
El producto llegó completamente sellado y nuevo,positivo
Faltaron piezas importantes para armar el mueble,negativo
La tienda online es un poco confusa,neutro
El empaque conservó todo en perfecto estado,positivo
El servicio técnico no me ofreció ninguna solución viable,negativo
La página muestra toda la información clara,neutro
El seguimiento del pedido fue sencillo y preciso,positivo
El pedido llegó con un día de retraso,negativo
La calidad de la bolsita de regalo es promedio,neutro
La atención del mensajero fue muy amable,positivo
La tapa del envase venía rota,negativo
La velocidad del sitio web es adecuada,neutro
El personal resolvió mi incidencia con rapidez,positivo
El producto mostró desperfectos que afectaron su uso,negativo
La política de devoluciones está claramente explicada,neutro
Los colores del producto se ven mejor en persona,positivo
La descripción del vendedor no se correspondía con lo recibido,negativo
La página de inicio carga sin problemas,neutro
El diseño interior del lugar es muy acogedor,positivo
No aceptaron mi método de pago sin dar explicación,negativo
El empaque no destacaba por nada especial,neutro
La versión premium ofrece grandes ventajas,positivo
El ticket de compra presentaba errores graves,negativo
La sensación en la piel es neutral,neutro
El producto es tan bueno como se anuncia,positivo
Tuve que esperar mucho para que atendieran mi llamada,negativo
La selección de opciones no me pareció ni grande ni pequeña,neutro
La calidad de construcción es de primer nivel,positivo
No obtuve respuesta a mi correo de soporte,negativo
El sabor de la comida fue mejor de lo que esperaba,positivo
La variedad de productos disponibles es medianamente amplia,neutro
No recibí ninguna notificación de envío,negativo
La promoción de lanzamiento me pareció bastante buena,positivo
El empaque se veía desgastado,negativo
El proceso de registro fue simple y rápido,positivo
La descripción del servicio era demasiado general,neutro
